{
  "steps": {
    "*": 10,
    "deltam31": [
      0.0023,
      0.0023081632653061224,
      0.0023163265306122447,
      0.002324489795918367,
      0.00233265306122449,
      0.0023408163265306123,
      0.0023489795918367347,
      0.002357142857142857,
      0.0023653061224489795,
      0.002373469387755102,
      0.0023816326530612243,
      0.002389795918367347,
      0.0023979591836734695,
      0.002406122448979592,
      0.0024142857142857143,
      0.0024224489795918367,
      0.002430612244897959,
      0.0024387755102040815,
      0.0024469387755102043,
      0.0024551020408163267,
      0.002463265306122449,
      0.0024714285714285715,
      0.002479591836734694,
      0.0024877551020408162,
      0.002495918367346939,
      0.0025040816326530615,
      0.002512244897959184,
      0.0025204081632653062,
      0.0025285714285714286,
      0.002536734693877551,
      0.0025448979591836734,
      0.0025530612244897962,
      0.0025612244897959186,
      0.002569387755102041,
      0.0025775510204081634,
      0.002585714285714286,
      0.002593877551020408,
      0.0026020408163265306,
      0.0026102040816326534,
      0.002618367346938776,
      0.002626530612244898,
      0.0026346938775510206,
      0.002642857142857143,
      0.0026510204081632654,
      0.0026591836734693878,
      0.0026673469387755106,
      0.002675510204081633,
      0.0026836734693877554,
      0.0026918367346938778,
      0.0027
    ],
    "desc": "steps for each paramter, can either be the number or a list of step values",
    "theta23": [
      0.6330518363897495,
      0.6383913638328417,
      0.6437136806542196,
      0.6490195496230199,
      0.6543097144153079,
      0.6595849007610368,
      0.6648458175289533,
      0.6700931577543916,
      0.6753275996144932,
      0.6805498073550253,
      0.6857604321726424,
      0.6909601130561429,
      0.6961494775900052,
      0.7013291427232473,
      0.7064997155064406,
      0.7116617937995144,
      0.7168159669528053,
      0.7219628164636592,
      0.7271029166107446,
      0.7322368350681062,
      0.7373651335008825,
      0.7424883681445004,
      0.747607090369076,
      0.7527218472306646,
      0.7578331820109376,
      0.7629416347468002,
      0.7680477427514085,
      0.7731520411280054,
      0.7782550632779517,
      0.783357341404302,
      0.7884594070122513,
      0.7935617914077615,
      0.7986650261956701,
      0.8037696437785761,
      0.808876177857807,
      0.8139851639377796,
      0.8190971398350839,
      0.8242126461936418,
      0.8293322270073314,
      0.8344564301514984,
      0.8395858079248231,
      0.8447209176030732,
      0.8498623220063298,
      0.8550105900813448,
      0.8601662975007779,
      0.8653300272811452,
      0.8705023704214232,
      0.8756839265643631,
      0.8808753046827036,
      0.8860771237926137
    ]
  }
}